what,kind,bundleId,bundleVersion,description,time
started,bundle,org.eclipse.ltk.ui.refactoring,3.6.0.v20110505-0800,"org.eclipse.ltk.ui.refactoring",1333030491207
opened,editor,org.eclipse.wst.jsdt.ui,1.1.101.v201108151912,"org.eclipse.wst.jsdt.ui.CompilationUnitEditor",1333030491351
started,bundle,org.eclipse.wst.jsdt.debug.ui,1.0.100.v201103232243,"org.eclipse.wst.jsdt.debug.ui",1333030491403
activated,editor,org.eclipse.wst.jsdt.ui,1.1.101.v201108151912,"org.eclipse.wst.jsdt.ui.CompilationUnitEditor",1333030491410
activated,view,org.eclipse.ui.navigator.resources,3.4.300.I20110421-1800,"org.eclipse.ui.navigator.ProjectExplorer",1333030494314
closed,editor,org.eclipse.wst.jsdt.ui,1.1.101.v201108151912,"org.eclipse.wst.jsdt.ui.CompilationUnitEditor",1333030494314
opened,editor,org.eclipse.wst.html.ui,1.0.601.v201108152113,"org.eclipse.wst.html.core.htmlsource.source",1333030502924
activated,editor,org.eclipse.wst.html.ui,1.0.601.v201108152113,"org.eclipse.wst.html.core.htmlsource.source",1333030502942
activated,view,org.eclipse.ui.navigator.resources,3.4.300.I20110421-1800,"org.eclipse.ui.navigator.ProjectExplorer",1333030505217
closed,editor,org.eclipse.wst.html.ui,1.0.601.v201108152113,"org.eclipse.wst.html.core.htmlsource.source",1333030505217
executed,command,org.eclipse.ui,3.7.0.I20110602-0100,"org.eclipse.ui.edit.copy",1333030507652
opened,editor,org.eclipse.wst.jsdt.ui,1.1.101.v201108151912,"org.eclipse.wst.jsdt.ui.CompilationUnitEditor",1333030510717
activated,editor,org.eclipse.wst.jsdt.ui,1.1.101.v201108151912,"org.eclipse.wst.jsdt.ui.CompilationUnitEditor",1333030510737
deactivated,workbench,org.eclipse.ui.workbench,3.7.0.I20110519-0100,"",1333030535448
activated,workbench,org.eclipse.ui.workbench,3.7.0.I20110519-0100,"",1333030536499
activated,view,org.eclipse.ui.navigator.resources,3.4.300.I20110421-1800,"org.eclipse.ui.navigator.ProjectExplorer",1333030536565
closed,editor,org.eclipse.wst.jsdt.ui,1.1.101.v201108151912,"org.eclipse.wst.jsdt.ui.CompilationUnitEditor",1333030536565
opened,editor,org.eclipse.wst.jsdt.ui,1.1.101.v201108151912,"org.eclipse.wst.jsdt.ui.CompilationUnitEditor",1333030539271
activated,editor,org.eclipse.wst.jsdt.ui,1.1.101.v201108151912,"org.eclipse.wst.jsdt.ui.CompilationUnitEditor",1333030539297
activated,view,org.eclipse.ui.navigator.resources,3.4.300.I20110421-1800,"org.eclipse.ui.navigator.ProjectExplorer",1333030543256
closed,editor,org.eclipse.wst.jsdt.ui,1.1.101.v201108151912,"org.eclipse.wst.jsdt.ui.CompilationUnitEditor",1333030543256
executed,command,org.eclipse.ui,3.7.0.I20110602-0100,"org.eclipse.ui.edit.copy",1333030545600
deactivated,workbench,org.eclipse.ui.workbench,3.7.0.I20110519-0100,"",1333030547229
activated,workbench,org.eclipse.ui.workbench,3.7.0.I20110519-0100,"",1333030556147
deactivated,workbench,org.eclipse.ui.workbench,3.7.0.I20110519-0100,"",1333030556605
activated,workbench,org.eclipse.ui.workbench,3.7.0.I20110519-0100,"",1333030556659
executed,command,org.eclipse.ui,3.7.0.I20110602-0100,"org.eclipse.ui.edit.paste",1333030556662
opened,editor,org.eclipse.wst.jsdt.ui,1.1.101.v201108151912,"org.eclipse.wst.jsdt.ui.CompilationUnitEditor",1333030559074
activated,editor,org.eclipse.wst.jsdt.ui,1.1.101.v201108151912,"org.eclipse.wst.jsdt.ui.CompilationUnitEditor",1333030559093
executed,command,org.eclipse.ui.workbench.texteditor,3.7.0.v20110505-0800,"org.eclipse.ui.edit.text.goto.lineStart",1333030725537
executed,command,org.eclipse.ui.workbench.texteditor,3.7.0.v20110505-0800,"org.eclipse.ui.edit.text.goto.lineEnd",1333030727979
deactivated,workbench,org.eclipse.ui.workbench,3.7.0.I20110519-0100,"",1333030736441
activated,workbench,org.eclipse.ui.workbench,3.7.0.I20110519-0100,"",1333030869984
activated,view,org.eclipse.ui.navigator.resources,3.4.300.I20110421-1800,"org.eclipse.ui.navigator.ProjectExplorer",1333030876623
opened,editor,org.eclipse.wst.jsdt.ui,1.1.101.v201108151912,"org.eclipse.wst.jsdt.ui.CompilationUnitEditor",1333030876813
activated,editor,org.eclipse.wst.jsdt.ui,1.1.101.v201108151912,"org.eclipse.wst.jsdt.ui.CompilationUnitEditor",1333030876841
activated,view,org.eclipse.ui.navigator.resources,3.4.300.I20110421-1800,"org.eclipse.ui.navigator.ProjectExplorer",1333030882919
executed,command,org.eclipse.ui,3.7.0.I20110602-0100,"org.eclipse.ui.edit.copy",1333030883760
deactivated,workbench,org.eclipse.ui.workbench,3.7.0.I20110519-0100,"",1333030886298
activated,workbench,org.eclipse.ui.workbench,3.7.0.I20110519-0100,"",1333030889392
executed,command,org.eclipse.ui,3.7.0.I20110602-0100,"org.eclipse.ui.edit.delete",1333030889426
closed,editor,org.eclipse.wst.jsdt.ui,1.1.101.v201108151912,"org.eclipse.wst.jsdt.ui.CompilationUnitEditor",1333030889710
deactivated,workbench,org.eclipse.ui.workbench,3.7.0.I20110519-0100,"",1333030892187
activated,workbench,org.eclipse.ui.workbench,3.7.0.I20110519-0100,"",1333030894657
deactivated,workbench,org.eclipse.ui.workbench,3.7.0.I20110519-0100,"",1333030894992
activated,workbench,org.eclipse.ui.workbench,3.7.0.I20110519-0100,"",1333030895042
executed,command,org.eclipse.ui,3.7.0.I20110602-0100,"org.eclipse.ui.edit.paste",1333030895044
opened,editor,org.eclipse.wst.jsdt.ui,1.1.101.v201108151912,"org.eclipse.wst.jsdt.ui.CompilationUnitEditor",1333030896986
activated,editor,org.eclipse.wst.jsdt.ui,1.1.101.v201108151912,"org.eclipse.wst.jsdt.ui.CompilationUnitEditor",1333030897011
executed,command,org.eclipse.ui,3.7.0.I20110602-0100,"org.eclipse.ui.file.save",1333030957291
executed,command,org.eclipse.ui,3.7.0.I20110602-0100,"org.eclipse.ui.file.save",1333031009371
deactivated,workbench,org.eclipse.ui.workbench,3.7.0.I20110519-0100,"",1333031062950
activated,workbench,org.eclipse.ui.workbench,3.7.0.I20110519-0100,"",1333031075764
executed,command,org.eclipse.ui.workbench.texteditor,3.7.0.v20110505-0800,"org.eclipse.ui.edit.text.select.lineEnd",1333031176428
executed,command,org.eclipse.ui,3.7.0.I20110602-0100,"org.eclipse.ui.edit.cut",1333031179563
started,bundle,org.eclipse.mylyn.java.tasks,3.6.0.v20110608-1400,"org.eclipse.mylyn.java.tasks",1333031265483
executed,command,org.eclipse.ui,3.7.0.I20110602-0100,"org.eclipse.ui.edit.cut",1333031265524
executed,command,org.eclipse.ui,3.7.0.I20110602-0100,"org.eclipse.ui.edit.paste",1333031267113
executed,command,org.eclipse.ui,3.7.0.I20110602-0100,"org.eclipse.ui.edit.copy",1333031334492
executed,command,org.eclipse.ui,3.7.0.I20110602-0100,"org.eclipse.ui.edit.paste",1333031337790
executed,command,org.eclipse.ui,3.7.0.I20110602-0100,"org.eclipse.ui.file.save",1333031349444
executed,command,org.eclipse.ui,3.7.0.I20110602-0100,"org.eclipse.ui.file.save",1333031422746
executed,command,org.eclipse.ui,3.7.0.I20110602-0100,"org.eclipse.ui.edit.copy",1333031609049
executed,command,org.eclipse.ui,3.7.0.I20110602-0100,"org.eclipse.ui.edit.paste",1333031611659
executed,command,org.eclipse.ui,3.7.0.I20110602-0100,"org.eclipse.ui.edit.cut",1333031670352
executed,command,org.eclipse.ui.workbench.texteditor,3.7.0.v20110505-0800,"org.eclipse.ui.edit.text.goto.lineStart",1333031684233
executed,command,org.eclipse.ui,3.7.0.I20110602-0100,"org.eclipse.ui.edit.paste",1333031752562
executed,command,org.eclipse.ui,3.7.0.I20110602-0100,"org.eclipse.ui.edit.copy",1333031766960
executed,command,org.eclipse.ui,3.7.0.I20110602-0100,"org.eclipse.ui.edit.paste",1333031770181
executed,command,org.eclipse.ui,3.7.0.I20110602-0100,"org.eclipse.ui.edit.copy",1333031834913
executed,command,org.eclipse.ui,3.7.0.I20110602-0100,"org.eclipse.ui.edit.paste",1333031837151
started,bundle,org.eclipse.wst.jsdt.debug.rhino.ui,1.0.0.v201103232243,"org.eclipse.wst.jsdt.debug.rhino.ui",1333031899535
executed,command,org.eclipse.ui,3.7.0.I20110602-0100,"org.eclipse.ui.file.save",1333031900026
executed,command,org.eclipse.ui,3.7.0.I20110602-0100,"org.eclipse.ui.file.save",1333031967009
executed,command,org.eclipse.ui,3.7.0.I20110602-0100,"org.eclipse.ui.file.save",1333032041172
activated,editor,org.eclipse.wst.jsdt.ui,1.1.101.v201108151912,"org.eclipse.wst.jsdt.ui.CompilationUnitEditor",1333032069541
activated,view,org.eclipse.ui.navigator.resources,3.4.300.I20110421-1800,"org.eclipse.ui.navigator.ProjectExplorer",1333032073198
activated,editor,org.eclipse.wst.jsdt.ui,1.1.101.v201108151912,"org.eclipse.wst.jsdt.ui.CompilationUnitEditor",1333032074518
activated,editor,org.eclipse.wst.jsdt.ui,1.1.101.v201108151912,"org.eclipse.wst.jsdt.ui.CompilationUnitEditor",1333032074533
closed,editor,org.eclipse.wst.jsdt.ui,1.1.101.v201108151912,"org.eclipse.wst.jsdt.ui.CompilationUnitEditor",1333032074533
activated,view,org.eclipse.ui.navigator.resources,3.4.300.I20110421-1800,"org.eclipse.ui.navigator.ProjectExplorer",1333032078081
closed,editor,org.eclipse.wst.jsdt.ui,1.1.101.v201108151912,"org.eclipse.wst.jsdt.ui.CompilationUnitEditor",1333032078081
opened,editor,org.eclipse.wst.html.ui,1.0.601.v201108152113,"org.eclipse.wst.html.core.htmlsource.source",1333032086454
activated,editor,org.eclipse.wst.html.ui,1.0.601.v201108152113,"org.eclipse.wst.html.core.htmlsource.source",1333032086471
activated,view,org.eclipse.ui.navigator.resources,3.4.300.I20110421-1800,"org.eclipse.ui.navigator.ProjectExplorer",1333032088634
closed,editor,org.eclipse.wst.html.ui,1.0.601.v201108152113,"org.eclipse.wst.html.core.htmlsource.source",1333032088634
opened,editor,org.eclipse.wst.html.ui,1.0.601.v201108152113,"org.eclipse.wst.html.core.htmlsource.source",1333032096283
activated,editor,org.eclipse.wst.html.ui,1.0.601.v201108152113,"org.eclipse.wst.html.core.htmlsource.source",1333032096297
activated,view,org.eclipse.ui.navigator.resources,3.4.300.I20110421-1800,"org.eclipse.ui.navigator.ProjectExplorer",1333032141274
closed,editor,org.eclipse.wst.html.ui,1.0.601.v201108152113,"org.eclipse.wst.html.core.htmlsource.source",1333032141275
executed,command,org.eclipse.ui,3.7.0.I20110602-0100,"org.eclipse.ui.edit.copy",1333032145608
opened,editor,org.eclipse.wst.html.ui,1.0.601.v201108152113,"org.eclipse.wst.html.core.htmlsource.source",1333032146660
activated,editor,org.eclipse.wst.html.ui,1.0.601.v201108152113,"org.eclipse.wst.html.core.htmlsource.source",1333032146675
activated,view,org.eclipse.ui.navigator.resources,3.4.300.I20110421-1800,"org.eclipse.ui.navigator.ProjectExplorer",1333032151710
executed,command,org.eclipse.ui,3.7.0.I20110602-0100,"org.eclipse.ui.edit.paste",1333032154224
deactivated,workbench,org.eclipse.ui.workbench,3.7.0.I20110519-0100,"",1333032157886
started,bundle,org.eclipse.pde.launching,3.6.0.v20110506,"org.eclipse.pde.launching",1333032160591
started,bundle,org.eclipse.ui.views.log,1.0.200.v20110404,"org.eclipse.ui.views.log",1333032160592
started,bundle,org.eclipse.pde.ui,3.6.100.v20110603,"org.eclipse.pde.ui",1333032160595
started,bundle,org.eclipse.pde.core,3.7.1.v20110822-2108,"org.eclipse.pde.core",1333032160655
activated,workbench,org.eclipse.ui.workbench,3.7.0.I20110519-0100,"",1333032160795
executed,command,org.eclipse.ltk.ui.refactoring,3.6.0.v20110505-0800,"org.eclipse.ltk.ui.refactoring.commands.renameResource",1333032160831
executed,command,org.eclipse.ui,3.7.0.I20110602-0100,"org.eclipse.ui.edit.rename",1333032160831
activated,editor,org.eclipse.wst.html.ui,1.0.601.v201108152113,"org.eclipse.wst.html.core.htmlsource.source",1333032162705
activated,view,org.eclipse.ui.navigator.resources,3.4.300.I20110421-1800,"org.eclipse.ui.navigator.ProjectExplorer",1333032162738
closed,editor,org.eclipse.wst.html.ui,1.0.601.v201108152113,"org.eclipse.wst.html.core.htmlsource.source",1333032162738
opened,editor,org.eclipse.wst.html.ui,1.0.601.v201108152113,"org.eclipse.wst.html.core.htmlsource.source",1333032168837
activated,editor,org.eclipse.wst.html.ui,1.0.601.v201108152113,"org.eclipse.wst.html.core.htmlsource.source",1333032168851
deactivated,workbench,org.eclipse.ui.workbench,3.7.0.I20110519-0100,"",1333032173805
started,bundle,org.eclipse.equinox.p2.garbagecollector,1.0.200.v20110510,"org.eclipse.equinox.p2.garbagecollector",1333032200126
activated,workbench,org.eclipse.ui.workbench,3.7.0.I20110519-0100,"",1333032224541
executed,command,org.eclipse.ui,3.7.0.I20110602-0100,"org.eclipse.ui.file.save",1333032268625
activated,view,org.eclipse.ui.navigator.resources,3.4.300.I20110421-1800,"org.eclipse.ui.navigator.ProjectExplorer",1333032279795
deactivated,workbench,org.eclipse.ui.workbench,3.7.0.I20110519-0100,"",1333032281961
activated,workbench,org.eclipse.ui.workbench,3.7.0.I20110519-0100,"",1333032405337
activated,editor,org.eclipse.wst.html.ui,1.0.601.v201108152113,"org.eclipse.wst.html.core.htmlsource.source",1333032405437
deactivated,workbench,org.eclipse.ui.workbench,3.7.0.I20110519-0100,"",1333032413815
activated,workbench,org.eclipse.ui.workbench,3.7.0.I20110519-0100,"",1333032488979
executed,command,org.eclipse.ui,3.7.0.I20110602-0100,"org.eclipse.ui.file.save",1333032523765
executed,command,org.eclipse.ui,3.7.0.I20110602-0100,"org.eclipse.ui.file.save",1333032540600
started,bundle,org.eclipse.jst.jsp.ui,1.1.601.v201108151912,"org.eclipse.jst.jsp.ui",1333032546501
executed,command,org.eclipse.ui,3.7.0.I20110602-0100,"org.eclipse.ui.file.save",1333032546547
activated,view,org.eclipse.ui.navigator.resources,3.4.300.I20110421-1800,"org.eclipse.ui.navigator.ProjectExplorer",1333032549045
executed,command,org.eclipse.ui,3.7.0.I20110602-0100,"org.eclipse.ui.edit.copy",1333032550413
executed,command,org.eclipse.ui,3.7.0.I20110602-0100,"org.eclipse.ui.edit.paste",1333032557266
activated,view,org.eclipse.wst.server.ui,1.1.306.v20110823_1704,"org.eclipse.wst.server.ui.ServersView",1333032563414
executed,command,org.eclipse.wst.server.ui,1.1.306.v20110823_1704,"org.eclipse.wst.server.publish",1333032564505
started,bundle,org.eclipse.jst.server.tomcat.ui,1.1.200.v20100418,"org.eclipse.jst.server.tomcat.ui",1333032564556
executed,command,org.eclipse.wst.server.ui,1.1.306.v20110823_1704,"org.eclipse.wst.server.run",1333032567058
started,bundle,org.eclipse.jdt.debug,3.7.1.v20110802_r371,"org.eclipse.jdt.debug",1333032567188
started,bundle,org.eclipse.jdt.debug.ui,3.6.1.v20110803_r371,"org.eclipse.jdt.debug.ui",1333032567349
opened,view,org.eclipse.ui.console,3.5.100.v20110511,"org.eclipse.ui.console.ConsoleView",1333032567952
activated,view,org.eclipse.ui.console,3.5.100.v20110511,"org.eclipse.ui.console.ConsoleView",1333032567966
activated,view,org.eclipse.ui.navigator.resources,3.4.300.I20110421-1800,"org.eclipse.ui.navigator.ProjectExplorer",1333032571179
deactivated,workbench,org.eclipse.ui.workbench,3.7.0.I20110519-0100,"",1333032574409
activated,workbench,org.eclipse.ui.workbench,3.7.0.I20110519-0100,"",1333032575269
activated,view,org.eclipse.ui.console,3.5.100.v20110511,"org.eclipse.ui.console.ConsoleView",1333032575359
activated,view,org.eclipse.wst.server.ui,1.1.306.v20110823_1704,"org.eclipse.wst.server.ui.ServersView",1333032579811
executed,command,org.eclipse.wst.server.ui,1.1.306.v20110823_1704,"org.eclipse.wst.server.run",1333032582042
activated,view,org.eclipse.ui.console,3.5.100.v20110511,"org.eclipse.ui.console.ConsoleView",1333032582679
activated,view,org.eclipse.wst.server.ui,1.1.306.v20110823_1704,"org.eclipse.wst.server.ui.ServersView",1333032587273
activated,editor,org.eclipse.wst.html.ui,1.0.601.v201108152113,"org.eclipse.wst.html.core.htmlsource.source",1333032588844
deactivated,workbench,org.eclipse.ui.workbench,3.7.0.I20110519-0100,"",1333032591154
activated,workbench,org.eclipse.ui.workbench,3.7.0.I20110519-0100,"",1333032593742
deactivated,workbench,org.eclipse.ui.workbench,3.7.0.I20110519-0100,"",1333032594245
activated,workbench,org.eclipse.ui.workbench,3.7.0.I20110519-0100,"",1333032629620
executed,command,org.eclipse.ui,3.7.0.I20110602-0100,"org.eclipse.ui.file.save",1333032645652
deactivated,workbench,org.eclipse.ui.workbench,3.7.0.I20110519-0100,"",1333032646593
activated,workbench,org.eclipse.ui.workbench,3.7.0.I20110519-0100,"",1333032658363
activated,view,org.eclipse.ui.navigator.resources,3.4.300.I20110421-1800,"org.eclipse.ui.navigator.ProjectExplorer",1333032663584
opened,editor,org.eclipse.wst.html.ui,1.0.601.v201108152113,"org.eclipse.wst.html.core.htmlsource.source",1333032666977
activated,editor,org.eclipse.wst.html.ui,1.0.601.v201108152113,"org.eclipse.wst.html.core.htmlsource.source",1333032667007
executed,command,org.eclipse.ui,3.7.0.I20110602-0100,"org.eclipse.ui.file.save",1333032673288
activated,editor,org.eclipse.wst.html.ui,1.0.601.v201108152113,"org.eclipse.wst.html.core.htmlsource.source",1333032674931
closed,editor,org.eclipse.wst.html.ui,1.0.601.v201108152113,"org.eclipse.wst.html.core.htmlsource.source",1333032674932
activated,view,org.eclipse.ui.navigator.resources,3.4.300.I20110421-1800,"org.eclipse.ui.navigator.ProjectExplorer",1333032676142
closed,editor,org.eclipse.wst.html.ui,1.0.601.v201108152113,"org.eclipse.wst.html.core.htmlsource.source",1333032676142
deactivated,workbench,org.eclipse.ui.workbench,3.7.0.I20110519-0100,"",1333032681376
activated,workbench,org.eclipse.ui.workbench,3.7.0.I20110519-0100,"",1333032686547
opened,editor,org.eclipse.wst.html.ui,1.0.601.v201108152113,"org.eclipse.wst.html.core.htmlsource.source",1333032688992
activated,editor,org.eclipse.wst.html.ui,1.0.601.v201108152113,"org.eclipse.wst.html.core.htmlsource.source",1333032689008
executed,command,org.eclipse.ui,3.7.0.I20110602-0100,"org.eclipse.ui.file.save",1333032694152
activated,view,org.eclipse.ui.navigator.resources,3.4.300.I20110421-1800,"org.eclipse.ui.navigator.ProjectExplorer",1333032696177
closed,editor,org.eclipse.wst.html.ui,1.0.601.v201108152113,"org.eclipse.wst.html.core.htmlsource.source",1333032696177
opened,editor,org.eclipse.wst.html.ui,1.0.601.v201108152113,"org.eclipse.wst.html.core.htmlsource.source",1333032704227
activated,editor,org.eclipse.wst.html.ui,1.0.601.v201108152113,"org.eclipse.wst.html.core.htmlsource.source",1333032704240
executed,command,org.eclipse.ui,3.7.0.I20110602-0100,"org.eclipse.ui.file.save",1333032708834
activated,view,org.eclipse.ui.navigator.resources,3.4.300.I20110421-1800,"org.eclipse.ui.navigator.ProjectExplorer",1333032710118
closed,editor,org.eclipse.wst.html.ui,1.0.601.v201108152113,"org.eclipse.wst.html.core.htmlsource.source",1333032710118
deactivated,workbench,org.eclipse.ui.workbench,3.7.0.I20110519-0100,"",1333032716038
activated,workbench,org.eclipse.ui.workbench,3.7.0.I20110519-0100,"",1333032845511
deactivated,workbench,org.eclipse.ui.workbench,3.7.0.I20110519-0100,"",1333032852559
activated,workbench,org.eclipse.ui.workbench,3.7.0.I20110519-0100,"",1333032852972
executed,command,org.eclipse.ui,3.7.0.I20110602-0100,"org.eclipse.ui.edit.delete",1333032852993
opened,editor,org.eclipse.wst.html.ui,1.0.601.v201108152113,"org.eclipse.wst.html.core.htmlsource.source",1333032854150
activated,editor,org.eclipse.wst.html.ui,1.0.601.v201108152113,"org.eclipse.wst.html.core.htmlsource.source",1333032854165
deactivated,workbench,org.eclipse.ui.workbench,3.7.0.I20110519-0100,"",1333032865480
activated,workbench,org.eclipse.ui.workbench,3.7.0.I20110519-0100,"",1333032867509
deactivated,workbench,org.eclipse.ui.workbench,3.7.0.I20110519-0100,"",1333032869262
activated,workbench,org.eclipse.ui.workbench,3.7.0.I20110519-0100,"",1333032872944
activated,view,org.eclipse.ui.navigator.resources,3.4.300.I20110421-1800,"org.eclipse.ui.navigator.ProjectExplorer",1333032873056
closed,editor,org.eclipse.wst.html.ui,1.0.601.v201108152113,"org.eclipse.wst.html.core.htmlsource.source",1333032873056
executed,command,org.eclipse.ui,3.7.0.I20110602-0100,"org.eclipse.ui.edit.copy",1333032884244
deactivated,workbench,org.eclipse.ui.workbench,3.7.0.I20110519-0100,"",1333032886747
activated,workbench,org.eclipse.ui.workbench,3.7.0.I20110519-0100,"",1333032887153
executed,command,org.eclipse.ui,3.7.0.I20110602-0100,"org.eclipse.ui.edit.delete",1333032887173
executed,command,org.eclipse.ui,3.7.0.I20110602-0100,"org.eclipse.ui.edit.paste",1333032889047
opened,editor,org.eclipse.wst.html.ui,1.0.601.v201108152113,"org.eclipse.wst.html.core.htmlsource.source",1333032890388
activated,editor,org.eclipse.wst.html.ui,1.0.601.v201108152113,"org.eclipse.wst.html.core.htmlsource.source",1333032890408
executed,command,org.eclipse.ui,3.7.0.I20110602-0100,"org.eclipse.ui.file.save",1333032959295
started,bundle,org.eclipse.jst.jsf.facelet.core,1.0.100.v201104191527,"org.eclipse.jst.jsf.facelet.core",1333032968529
activated,view,org.eclipse.ui.navigator.resources,3.4.300.I20110421-1800,"org.eclipse.ui.navigator.ProjectExplorer",1333032971658
deactivated,workbench,org.eclipse.ui.workbench,3.7.0.I20110519-0100,"",1333032975202
activated,workbench,org.eclipse.ui.workbench,3.7.0.I20110519-0100,"",1333032976134
executed,command,org.eclipse.ui,3.7.0.I20110602-0100,"org.eclipse.ui.edit.delete",1333032976164
opened,editor,org.eclipse.wst.jsdt.ui,1.1.101.v201108151912,"org.eclipse.wst.jsdt.ui.CompilationUnitEditor",1333032976991
activated,editor,org.eclipse.wst.jsdt.ui,1.1.101.v201108151912,"org.eclipse.wst.jsdt.ui.CompilationUnitEditor",1333032977016
executed,command,org.eclipse.ui,3.7.0.I20110602-0100,"org.eclipse.ui.file.save",1333033013403
executed,command,org.eclipse.ui,3.7.0.I20110602-0100,"org.eclipse.ui.file.save",1333033017636
activated,editor,org.eclipse.wst.html.ui,1.0.601.v201108152113,"org.eclipse.wst.html.core.htmlsource.source",1333033024555
closed,editor,org.eclipse.wst.jsdt.ui,1.1.101.v201108151912,"org.eclipse.wst.jsdt.ui.CompilationUnitEditor",1333033024555
activated,view,org.eclipse.ui.navigator.resources,3.4.300.I20110421-1800,"org.eclipse.ui.navigator.ProjectExplorer",1333033026089
deactivated,workbench,org.eclipse.ui.workbench,3.7.0.I20110519-0100,"",1333033028215
started,bundle,org.eclipse.ant.ui,3.5.100.v20110510,"org.eclipse.ant.ui",1333033030053
activated,workbench,org.eclipse.ui.workbench,3.7.0.I20110519-0100,"",1333033030162
executed,command,org.eclipse.ltk.ui.refactoring,3.6.0.v20110505-0800,"org.eclipse.ltk.ui.refactoring.commands.renameResource",1333033030184
executed,command,org.eclipse.ui,3.7.0.I20110602-0100,"org.eclipse.ui.edit.rename",1333033030184
activated,editor,org.eclipse.wst.html.ui,1.0.601.v201108152113,"org.eclipse.wst.html.core.htmlsource.source",1333033032800
executed,command,org.eclipse.ui,3.7.0.I20110602-0100,"org.eclipse.ui.file.save",1333033042843
activated,view,org.eclipse.ui.navigator.resources,3.4.300.I20110421-1800,"org.eclipse.ui.navigator.ProjectExplorer",1333033055908
opened,editor,org.eclipse.jdt.ui,3.7.1.r371_v20110824-0800,"org.eclipse.jdt.ui.CompilationUnitEditor",1333033063947
activated,editor,org.eclipse.jdt.ui,3.7.1.r371_v20110824-0800,"org.eclipse.jdt.ui.CompilationUnitEditor",1333033064045
started,bundle,org.eclipse.mylyn.ide.ui,3.6.0.v20110608-1400,"org.eclipse.mylyn.ide.ui",1333033076954
started,bundle,org.eclipse.jpt.jaxb.ui,1.1.1.v201108080010,"org.eclipse.jpt.jaxb.ui",1333033076962
started,bundle,org.eclipse.jpt.jpa.ui,3.0.1.v201108080010,"org.eclipse.jpt.jpa.ui",1333033076969
started,bundle,org.eclipse.jst.ws.jaxws.ui,1.0.100.v201104032053,"org.eclipse.jst.ws.jaxws.ui",1333033076981
started,bundle,org.eclipse.mylyn.java.ui,3.6.0.v20110608-1400,"org.eclipse.mylyn.java.ui",1333033076985
started,bundle,org.eclipse.pde.api.tools,1.0.301.v20110728_r371,"org.eclipse.pde.api.tools",1333033077014
started,bundle,org.eclipse.pde.api.tools.ui,1.0.301.v20110803_r371,"org.eclipse.pde.api.tools.ui",1333033077016
started,bundle,org.eclipse.jpt.jaxb.core,1.0.1.v201108080010,"org.eclipse.jpt.jaxb.core",1333033077191
started,bundle,org.eclipse.jdt.junit,3.7.0.v20110505-0800,"org.eclipse.jdt.junit",1333033077695
executed,command,org.eclipse.ui,3.7.0.I20110602-0100,"org.eclipse.ui.file.save",1333033102735
activated,view,org.eclipse.ui.console,3.5.100.v20110511,"org.eclipse.ui.console.ConsoleView",1333033110535
activated,view,org.eclipse.wst.server.ui,1.1.306.v20110823_1704,"org.eclipse.wst.server.ui.ServersView",1333033110652
executed,command,org.eclipse.wst.server.ui,1.1.306.v20110823_1704,"org.eclipse.wst.server.run",1333033114299
activated,view,org.eclipse.ui.console,3.5.100.v20110511,"org.eclipse.ui.console.ConsoleView",1333033114874
activated,view,org.eclipse.ui.navigator.resources,3.4.300.I20110421-1800,"org.eclipse.ui.navigator.ProjectExplorer",1333033116124
started,bundle,org.eclipse.mylyn.resources.ui,3.6.0.v20110608-1400,"org.eclipse.mylyn.resources.ui",1333033116597
activated,editor,org.eclipse.jdt.ui,3.7.1.r371_v20110824-0800,"org.eclipse.jdt.ui.CompilationUnitEditor",1333033122591
activated,editor,org.eclipse.wst.html.ui,1.0.601.v201108152113,"org.eclipse.wst.html.core.htmlsource.source",1333033122637
closed,editor,org.eclipse.jdt.ui,3.7.1.r371_v20110824-0800,"org.eclipse.jdt.ui.CompilationUnitEditor",1333033122638
activated,view,org.eclipse.ui.navigator.resources,3.4.300.I20110421-1800,"org.eclipse.ui.navigator.ProjectExplorer",1333033123844
closed,editor,org.eclipse.wst.html.ui,1.0.601.v201108152113,"org.eclipse.wst.html.core.htmlsource.source",1333033123844
opened,editor,org.eclipse.wst.html.ui,1.0.601.v201108152113,"org.eclipse.wst.html.core.htmlsource.source",1333033125684
activated,editor,org.eclipse.wst.html.ui,1.0.601.v201108152113,"org.eclipse.wst.html.core.htmlsource.source",1333033125698
activated,view,org.eclipse.ui.navigator.resources,3.4.300.I20110421-1800,"org.eclipse.ui.navigator.ProjectExplorer",1333033134978
opened,editor,org.eclipse.wst.jsdt.ui,1.1.101.v201108151912,"org.eclipse.wst.jsdt.ui.CompilationUnitEditor",1333033135161
activated,editor,org.eclipse.wst.jsdt.ui,1.1.101.v201108151912,"org.eclipse.wst.jsdt.ui.CompilationUnitEditor",1333033135195
executed,command,org.eclipse.ui,3.7.0.I20110602-0100,"org.eclipse.ui.file.save",1333033139399
activated,editor,org.eclipse.wst.html.ui,1.0.601.v201108152113,"org.eclipse.wst.html.core.htmlsource.source",1333033142344
closed,editor,org.eclipse.wst.jsdt.ui,1.1.101.v201108151912,"org.eclipse.wst.jsdt.ui.CompilationUnitEditor",1333033142344
activated,view,org.eclipse.ui.navigator.resources,3.4.300.I20110421-1800,"org.eclipse.ui.navigator.ProjectExplorer",1333033151847
deactivated,workbench,org.eclipse.ui.workbench,3.7.0.I20110519-0100,"",1333033158806
activated,workbench,org.eclipse.ui.workbench,3.7.0.I20110519-0100,"",1333033171720
activated,editor,org.eclipse.wst.html.ui,1.0.601.v201108152113,"org.eclipse.wst.html.core.htmlsource.source",1333033171867
deactivated,workbench,org.eclipse.ui.workbench,3.7.0.I20110519-0100,"",1333033188239
activated,workbench,org.eclipse.ui.workbench,3.7.0.I20110519-0100,"",1333033191717
executed,command,org.eclipse.ui,3.7.0.I20110602-0100,"org.eclipse.ui.file.save",1333033193556
activated,view,org.eclipse.ui.navigator.resources,3.4.300.I20110421-1800,"org.eclipse.ui.navigator.ProjectExplorer",1333033195291
opened,editor,org.eclipse.wst.jsdt.ui,1.1.101.v201108151912,"org.eclipse.wst.jsdt.ui.CompilationUnitEditor",1333033195482
